{"r2_score": 0.22445584801957308, "rmse": 0.8810356660018983, "mae": 0.6747256235719363}